0.07461295788958755,0.45182235872047705
0.6202671463145547,-0.6857697365747982
0.9930589546539265,-0.043598050517737005
0.6511878195618006,-0.8133812343883227
0.9625588305935268,-0.23308591767457748
0.241051357844296,0.9984197361412733
0.874336809632544,-0.7100471109283901
0.7017075965829057,-0.9543172013551614
0.21876311832086104,0.9808013573603072
0.8618574188503001,-0.7630218789792121
0.5920395465638386,-0.5466024374825365
0.22851949978870378,0.9909059116381205
0.7942478372291959,-0.9616014626209997
0.09399492402306919,0.5568491257577292
0.44340661410206084,0.3481404514093407
0.9487710140083866,-0.31635171608321694
0.8140794072560348,-0.9200364645755547
0.2625771063472674,0.9968792053888975
0.7079093836789817,-0.9652329698726365
0.2215698214152938,0.9840876702946268
0.501245253859262,-0.007824080923219005
0.5688038585541741,-0.4189670321851097
0.505380106350053,-0.03379776738984873
0.817279825126142,-0.9119716931061028
0.4165788550874291,0.5004777416322699
0.7910910907213882,-0.9668555139415022
0.14595939799531454,0.7938352837634712
0.5884783872374241,-0.5277301692067031
0.7870167414232379,-0.973074271058169
0.17811502929351197,0.8997209422092937
0.9462544680925722,-0.33131140030964085
0.8793431107197629,-0.6875499805596983
0.16965071615455662,0.8752473066998347
0.36101856734420057,0.7664180750732154
0.49074135609337854,0.05814096907668268
0.48418158389140387,0.09922648505021946
0.769023067489598,-0.9928653325190018
0.3642928421944752,0.7530419988232789
0.28999066868925805,0.9685977402401191
0.3123211622472678,0.9243089593348695
0.3123781993158279,0.9241721281376503
0.8680775327295918,-0.7371840397879761
0.2793866410080673,0.9830020935564167
0.29114966601260894,0.9667614791171919
0.5676028273462564,-0.41210311508657244
0.054344563957452796,0.33486029898919134
0.29148805593384486,0.9662156761754752
0.24098584051859462,0.9983965178933528
0.22105532719360288,0.9835081383133187
0.6404852409451014,-0.7724530743250685
0.4465566013703678,0.32951966158412327
0.0764158684222489,0.46189897037683014
0.10184331094107035,0.5971155456035593
0.5889899499278323,-0.5304576553832853
0.060058214038226976,0.3684646120156012
0.8636399474593133,-0.7557348281241021
0.0872780003618443,0.5213087389951009
0.4120371249626906,0.5249761101323723
0.8461708375128423,-0.8229232146924859
0.17005969430547552,0.8764873099362817
0.8931699305522454,-0.621952062962541
0.6821815786119019,-0.9105781360826058
0.34449894749847787,0.8288460267775548
0.10106602771090467,0.5931908626594011
0.40717598831170787,0.5507232370091797
0.7963235562731077,-0.9579403747534043
0.5747146251304653,-0.4523921397907733
0.38606293355080057,0.6562874559633254
0.009523269197642459,0.05980076505181027
0.18855940289916395,0.9264063496163997
0.8456516798569469,-0.8247721264961606
0.2844475436312611,0.9766680966584184
0.8272104663542612,-0.884615422123192
0.24808095296090193,0.9999273064765534
0.8946255894822323,-0.6147641882501443
0.6342141636327536,-0.7468366752184654
0.2660083321117218,0.9949457614610813
0.5818686745825502,-0.49200914878508206
0.8001722843185776,-0.950721450004672
0.5551954655240853,-0.33989320354378677
0.9029640712439692,-0.5726172127620159
0.08496712387048011,0.5088636041531193
0.14162051192083347,0.7769634266094497
0.5368592456275536,-0.22952874218072963
0.4887035399438219,0.07091817108358509
0.5245667921694399,-0.15374547519701862
0.8230311283283127,-0.8965544227429432
0.6468909992226357,-0.7973813228572079
0.5101762915420222,-0.06389596747131647
0.9499543198333337,-0.30928995098549894
0.27770951437042357,0.9848821421490888
0.3952277790717761,0.6117755737765186
0.7210599637618349,-0.9835134068979124
0.5347044536861997,-0.21633061596997635
0.886721868671358,-0.6531580051771192
0.4889789642564816,0.06919188102685275
0.9729327109983493,-0.1692501495661845
0.437940299509597,0.38012607380670443
0.7282062981328176,-0.9906391986501161
0.9128904989296976,-0.5204049756706004
0.3105978764124392,0.9283870437146456
0.12117943020246691,0.689930339297067
0.027637484797037093,0.1727800152852119
0.748930143747565,-0.9999774067366822
0.46879194585153305,0.19483182579325428
0.9530506619747212,-0.2907316128714163
0.7413986834390998,-0.9985399964981574
0.8952733635585237,-0.6115489848182166
0.2837366879819133,0.9776175385980749
0.026871425243484848,0.16803712782823865
0.02606415587893729,0.16303488830687526
0.20756724033972473,0.964668814384997
0.7964268892881936,-0.9577538563261634
0.00881882207563256,0.05538194326860141
0.3073528726426924,0.9357703932849574
0.5252104967452073,-0.15774063461673382
0.25033173069925463,0.9999978277944842
0.1495773667368362,0.8074532899733077
0.6533761146503183,-0.8213025889519848
0.05057078775471313,0.31242583580022304
0.8482336310160742,-0.8154905253715562
0.4275896419452728,0.4394332977845372
0.37454044666123476,0.7091455723169405
0.48971665304180567,0.06456722746892193
0.3411663381361727,0.8403785792598222
0.3251862410110431,0.8904746605825937
0.06928519367986963,0.4217111968859414
0.2686563221047368,0.9931374669213149
0.9732068920932262,-0.16755202224640459
0.6702941602559739,-0.8771955904543686
0.7551496031942527,-0.9994765931730323
0.2766211921126136,0.9860436468305616
0.24337333237913372,0.9991333227938503
0.9273871696461757,-0.4405757015492091
0.1374817260648593,0.7603313919236346
0.27054067851276464,0.9916831972469492
0.5253378343757826,-0.15853065336079844
0.21435615624100257,0.9750263044209131
0.18374662294777588,0.9145985799695444
0.7812368337695716,-0.9808014160629309
0.32643771086502216,0.8868691465856104
0.4179524068288448,0.4929875364041787
0.8139292497706563,-0.9204057364333126
0.5944394424518392,-0.5591668478316316
0.7853286580155988,-0.9754642114715535
0.4957899287803105,0.02644957272691044
0.7538728745092429,-0.9997039431182572
0.5141511626814527,-0.08879726768999688
0.29444176094277585,0.9612663433061169
0.07319276639866301,0.44384390598684725
0.9592781040133996,-0.25308061945149174
0.19760055449832525,0.9462898218370378
0.2106315436684878,0.9695623607675296
0.6745612589282981,-0.8897516285099447
0.2809342129628396,0.9811704377143344
0.2906821708683225,0.9675083311326833
0.21409008740504432,0.9746536619552446
0.8114678778778975,-0.9263417957445431
0.7119913793219967,-0.971618921446123
0.6319898300980841,-0.7374699625059418
0.04155725203302485,0.2581549366296384
0.5407534499553077,-0.2532724196111982
0.6219312245701777,-0.6933419748046671
0.7011238051747036,-0.9532147815276861
0.18865098424454496,0.9266228573661683
0.6293316020909211,-0.7260873368733713
0.36379333005418546,0.7551033511019489
0.7846633991211247,-0.9763759357481167
0.6160376298505492,-0.6661882156534877
0.2784376886237999,0.9840792848494213
0.5310229144248383,-0.19369071911812744
0.951681455290689,-0.2989521232734279
0.5047417476051558,-0.029788871463653856
0.014024106502494194,0.08800207553941435
0.5212404004198353,-0.1330615591705075
0.16640772303095064,0.8652107624923484
0.18321395251815287,0.9132401108594891
0.5242179670705202,-0.15157943356288708
0.5595516626261253,-0.3655039274513191
0.295240924219618,0.9598702567901624
0.5736523973532854,-0.44642995222063814
0.8871249655109852,-0.6512380727133205
0.32319442365136086,0.8960994945087893
0.7068505144075279,-0.9634725666968575
0.04628264796243198,0.2867210792556481
0.8054273088233591,-0.9399679148217934
0.05601014155315398,0.34470273977690286
0.3542150679968812,0.7931681704132426
0.22673028828925457,0.9893306500911849
0.578208142211603,-0.4718573863192285
0.6949019707757148,-0.9406719496875158
0.18229878718671055,0.9108822883350887
0.8744369256842939,-0.709604023907269
0.6144281934915705,-0.6586126292929145
0.7533926330844535,-0.9997728111141302
0.3560438933864297,0.7861180025599948
0.8285194403532512,-0.8807502748345147
0.5918997142055663,-0.54586649996177
0.9431540718231876,-0.349627517898508
0.2300816803808272,0.9921788932972003
0.7093176655358704,-0.9675080712381225
0.6804285381569098,-0.9059702178643769
0.05018452497080783,0.3101194457206336
0.9171132813571516,-0.49756782622827783
0.08486247642383404,0.5082974705738263
0.2270206713262548,0.9895948146317097
0.09627819131138782,0.568707557143739
0.6213168731390967,-0.6905552061849171
0.3212289542064132,0.9015123499724362
0.6259936358710584,-0.7115075797750666
0.48615521843191944,0.08687965951454436
0.35515267340889556,0.7895667023021995
0.8026009040234171,-0.945879805485045
0.7587584798620245,-0.9984861682577707
0.027063145809749778,0.16922449263312672
0.5284122014845348,-0.17757243000657982
0.2521342337881394,0.9999100901619539
0.5863714628893515,-0.5164395724160425
0.7198265429203241,-0.982082447431267
0.035646192791233156,0.22210380000287405
0.44731815103563,0.3249981948949117
0.2936716274459187,0.9625887849823692
0.795884076019002,-0.9587291347475531
0.2070239558684026,0.9637638412361208
0.7395869135149064,-0.99786039422588
0.7739784237683213,-0.9886721013546903
0.09443127883139169,0.5591243219226877
0.5293875372150437,-0.18359988180746334
0.9594052826258336,-0.2523074660604971
0.3100740475420999,0.9296051136855443
0.7282200243481998,-0.990650967866219
0.48879839470140196,0.0703236691258277
0.027874822595029602,0.17424863243752953
0.4214866965027423,0.4735470280450117
0.3428753765409178,0.8345101343935113
0.7767914437363197,-0.9858649877894102
0.9849622625234928,-0.09434436991926186
0.6602611865303215,-0.8452061245970487
0.8828693150155318,-0.6712944078704081
0.89321627523954,-0.6217240169507307
0.7282110819619938,-0.9906433012669021
0.013855874959430081,0.08694909758135813
0.8665398973986025,-0.7436775621149707
0.296693491082902,0.9572707697131926
0.9588060181433389,-0.2559491407311356
0.6856254762181674,-0.9193083188749291
0.6015195571344968,-0.5954825629761569
0.20499340151718826,0.9602821180225858
0.004928645432634271,0.030962643192783825
0.21082356690887283,0.9698570642050692
0.6942911964563,-0.93936285898026
0.3972161228087465,0.6018456294138365
0.5920540653774239,-0.5466788258101601
0.8559888993310919,-0.7863315244243485
0.38444638084735494,0.6639171143095092
0.5296425251854264,-0.18517454754127521
0.2821222764080119,0.9797013289652525
0.7870746842661962,-0.9729902924380104
0.586151183170265,-0.5152538763143253
0.6340203445977326,-0.7460262748789798
0.6397823953591073,-0.7696410047289661
0.4627556213444186,0.23188332427356706
0.5821558442791456,-0.4935791878055334
0.6303873538683231,-0.73063252856004
0.2463867760554509,0.9997423080528997
0.9240284374164406,-0.4594211632350418
0.6430805884531465,-0.7827060602168118
0.5884793223820931,-0.5277351600772721
0.9385098665174729,-0.3768135875493135
0.6922655014074836,-0.9349222064727034
0.5682017901068865,-0.4155291569994842
0.8964036985158885,-0.6059143775376834
0.23555694177452535,0.9958851879762469
0.2570334369937478,0.9990236753320814
0.5507642777530323,-0.3135804811460583
0.556371740927249,-0.3468345978225736
0.8974736370337232,-0.6005526795758427
0.9312486113717232,-0.4186676610786629
0.821024523566275,-0.9020674672747196
0.6193382102928737,-0.6815100377207615
0.01769852949483497,0.11097408991146814
0.4027725371027111,0.5736034091872041
0.0654608947368871,0.39980393537352193
0.4812164853280415,0.11774651410803776
0.12989304123748746,0.7285084186223464
0.21608275986529613,0.9773782341967236
0.2293517449951783,0.991595977463222
0.04805475021533867,0.29737004288712154
0.5661154041336514,-0.40356997619604135
0.8384962694092483,-0.8493527727250917
0.08634706107132506,0.516308273826698
0.21787855394356903,0.9797023748166677
0.771855118207005,-0.9905864484318038
0.9320936632355155,-0.41383990875008403
0.4519968510509278,0.297060473925022
0.48511357379942355,0.09339785119475137
0.2703816276961033,0.9918113207286007
0.3748196174292012,0.707907745506385
0.8864427000885903,-0.6544852179026862
0.29364900063638677,0.9626272981347851
0.1474982232897839,0.7996779557064035
0.8464474682638673,-0.8219344534401655
0.663023159973375,-0.8543530656443973
0.38457178588710406,0.6633276795597517
0.5912363199574391,-0.5423693250544053
0.8897244793127882,-0.6387569060436281
0.9645518663511242,-0.22089026844611598
0.7861021607411383,-0.9743827137793668
0.6854198581722543,-0.9187991256920667
0.872304106447035,-0.7189823077527159
0.4640905293414549,0.22371640150645586
0.09107052697902318,0.5414938501877097
0.3223272211449173,0.8985046451410036
0.6917209242313821,-0.9337025435817122
0.36676506230786565,0.7427310014826708
0.635239676451442,-0.7511061090998497
0.15768952070672504,0.8364605415544798
0.38188526899350017,0.6758642882369815
0.11382919023921723,0.6557758930324968
0.8879561622545683,-0.6472659447036746
0.11030906869468626,0.638919074222259
0.3659514906076049,0.7461441068615708
0.705602494145936,-0.9613429461651578
0.5448507182880913,-0.27809026190690794
0.6766012140060548,-0.8955288277508133
0.8727837553632024,-0.7168844228248566
0.545324936438829,-0.28095109324439405
0.4415746335844877,0.35890774266538494
0.6307588179636318,-0.7322241091681475
0.9842954880975526,-0.09851431044126806
0.16671525704636814,0.8661780146010619
0.36444151472609654,0.7524270338996378
0.8063273379858822,-0.9380230368833693
0.2950901034569944,0.9601355846842674
0.06535451089969213,0.39919116329249005
0.973428324809893,-0.1661802262492696
0.6955799205431695,-0.9421087959388218
0.15021739796965738,0.8098191256651874
0.18097690622379248,0.9074234595088582
0.9122002288133835,-0.5241035999731596
0.9145732154975341,-0.5113477194321103
0.18022385937786822,0.9054250370644924
0.9271712757933105,-0.4417930478230995
0.18887256825287102,0.9271454354413541
0.9178733295375917,-0.49341975943581534
0.8487727375140042,-0.8135253781768903
0.4001770621451457,0.5868848457808226
0.1951646359030489,0.94123066883001
0.09182557874761388,0.545476154187237
0.21916606540358052,0.9812919366666341
0.9763178453133452,-0.14825087324072583
0.1595405471790875,0.8427775700614409
0.9001854726817208,-0.5868420579609213
0.6475036962937941,-0.7996986027302609
0.42770937272527276,0.43875740942505503
0.9616258832072387,-0.2387823029356438
0.20280260954196938,0.956350360909663
0.8421193107763184,-0.8371181992844254
0.49596731747797884,0.025335380402368633
0.11540956877442055,0.6632400066739972
0.8115834160654077,-0.9260680987003131
0.23698614417937514,0.9966588210854234
0.9209075993961557,-0.4767486281510458
0.7897820963485602,-0.9689227417526896
0.7088000417800228,-0.9666806371961503
0.080469849127901,0.4843385590687339
0.8931433004521697,-0.6220830765229117
0.8293128730565666,-0.8783784039036234
0.4392704666490107,0.3723825735681842
0.5379066988810288,-0.2359293584771622
0.5297416279530319,-0.18578642378955074
0.7147982308174665,-0.9756394259828597
0.542594601592628,-0.26444633560691577
0.6815163407326267,-0.908842515620976
0.47683023718756123,0.1450662329914737
0.19750808105457596,0.9461018044382611
0.8463968027522188,-0.8221157330057588
0.049768724089572336,0.30763464138636964
0.5434001740435482,-0.2693242987446555
0.5234072532875308,-0.1465424830650903
0.6168364975723738,-0.6699232195284994
0.7559434392869281,-0.9993028039286334
0.737489944239296,-0.99691237452439
0.6822793526895905,-0.9108318906393325
0.3831326366632132,0.6700671904022294
0.6848458966306712,-0.917369653107118
0.9817954342908133,-0.11413340401992579
0.5093351925141354,-0.05862111780382798
0.07721246126361092,0.4663323881896732
0.7480283237515281,-0.9999232646644963
0.27135703333104444,0.9910099977853184
0.32512125535572267,0.8906603839486015
0.6224023292967253,-0.6954719635846354
0.32505666708656467,0.8908448244854594
0.8335868568443099,-0.8652278377770526
0.3056130366836085,0.939569033940761
0.4081119457233007,0.545805114730583
0.3332764378033207,0.8662040910226072
0.9344417306545,-0.40036465762420226
0.7799530307991077,-0.982342507212624
0.7876879055775708,-0.9720936265236242
0.71583009319324,-0.9770412372748389
0.33527021291768555,0.8598765374542868
0.8692002036767023,-0.7323994415349524
0.9859289531010619,-0.08829586265419367
0.8917366388239393,-0.628978659548698
0.8858245069719269,-0.6574170356488206
0.8423142224052044,-0.8364476524556003
0.8045615642520252,-0.9418103438038676
0.39558737974167246,0.6099867276395148
0.773696325857461,-0.9889365814816797
0.028846143932660162,0.18025497654587597
0.2732606412377606,0.9893389514315513
0.43424029053056246,0.40152415512609474
0.014688223172275139,0.09215787630939092
0.6739625999543852,-0.8880284269699465
0.965846057626008,-0.21295227169085973
0.33787444738477923,0.8514085116505091
0.7664962087595555,-0.9946332768786134
0.3145693763337841,0.9188258234473223
0.7194067435055358,-0.9815819566933665
0.15302667644280943,0.8200480448921312
0.530899825114772,-0.1929319143424631
0.5470327538870895,-0.2912330508005127
0.16136917363453118,0.8489062210301166
0.1218447816990742,0.6929504836109555
0.44478338830791275,0.34001815557267323
0.8918973190507987,-0.6281934660316936
0.9015419083321313,-0.5799199564626418
0.4869189480564482,0.08209816742269467
0.10749704040446784,0.6252281435878944
0.7284199409156166,-0.9908215463214478
0.35729066977769985,0.7812520890809957
0.4956186973479637,0.027525059633945005
0.8648621763790808,-0.7506834654311103
0.930903129826922,-0.42063799390815937
0.22398751506143588,0.9866731830699101
0.3781404089021567,0.6930175684236519
0.4025803309752164,0.5745922305082143
0.9383719398934582,-0.37761618526622165
0.009474883395941491,0.059497289423759425
0.9368845817225778,-0.3862530079550427
0.8840418078189419,-0.665815895957846
0.644828187349533,-0.7894929000926884
0.4909296703788427,0.056959716646300416
0.009784069382966942,0.061436407275317434
0.40986810783831296,0.5365263079038365
0.2355557304262197,0.9958844981974443
0.4711284726835765,0.18041185032183985
0.42613612508374965,0.4476185503898895
0.6803255599803417,-0.9056961132288487
0.7203388830631291,-0.9826840081862864
0.4818300062715821,0.11391759862011805
0.30666799437443115,0.9372790815897215
0.29975641349396187,0.9515283524691895
0.6301837671198036,-0.7297585487483446
0.8406719248570838,-0.8420582388775505
0.6021291783525047,-0.5985553791095454
0.32670083240757886,0.8861041032002763
0.2262449222267955,0.9888817549081637
0.04103127023972508,0.2549607140363373
0.21193120818264988,0.9715294197836094
0.9287633303419878,-0.43279707681786816
0.6493001308628414,-0.8064244493942941
0.3976549828190947,0.5996412192297558
0.609705472360916,-0.6359970090686387
0.5954195933206199,-0.5642619227675302
0.5319657222757974,-0.19949894127483275
0.13442904531089472,0.7477338484128445
0.5019164581216742,-0.01204117051848266
0.7688160655771547,-0.993019581358818
0.04335184088756283,0.26903182149735505
0.7959060066638445,-0.9586899478274621
0.8713541783884019,-0.7231178049914879
0.8785616327501249,-0.6911071349503835
0.9589883707503479,-0.2548413825743519
0.5131650494296058,-0.08262414610773484
0.1587689753895163,0.8401582210021283
0.9184939951171519,-0.490024041388921
0.5033276531996996,-0.02090673836509728
0.7960346791867282,-0.9584596617754325
0.8555605257389631,-0.7879915269867774
0.636817046696292,-0.7576121122945334
0.21413806463509633,0.9747210577562191
0.15553332287028243,0.8289594496458105
0.03291594895962158,0.20534578342596527
0.648806145993925,-0.8045851766775844
0.8161077149815554,-0.9149682786973954
0.6382970828474114,-0.7636489938810243
0.5304134514488169,-0.18993245747121507
0.9050481732587221,-0.5618330101097386
0.5288084230261502,-0.1800218462411638
0.9938432202542532,-0.03867454049527829
0.2301218405508838,0.9922103590356028
0.46085177792173926,0.2435026109387017
0.00041759743545188854,0.0026238390600874495
0.6451717795044948,-0.7908160763550165
0.021963385521660328,0.13756242588998002
0.685397845387101,-0.9187445222683958
0.48664118764416353,0.08383737022306541
0.7538923966085563,-0.9997009510616619
0.28985181214106026,0.9688142943565942
0.375716193137707,0.7039176702916086
0.3616085784946058,0.7640315560965096
0.17117167037824743,0.8798294866187121
0.49873074753306046,0.007974863917453492
0.8358216583482801,-0.8581025747955774
0.6701870929721482,-0.8768723950563856
0.3057786444239925,0.9392122851843983
0.8290710035465927,-0.879103759284977
0.00327199897376107,0.02055712771002089
0.3620772991837936,0.762128155660791
0.1617582235413706,0.8501956935742182
0.2940625105192346,0.9619203913704996
0.6828599654620563,-0.9123316789848538
0.7051322555912573,-0.9605251919018888
0.47348603076852125,0.16582267959488314
0.46456619350215134,0.22080247102399989
0.37855727271680517,0.6911269344168508
0.7007238485616721,-0.9524521075306633
0.838931987552926,-0.8479045645739882
0.8376410244666175,-0.8521768526717477
0.7305408939358773,-0.9925349206219212
0.6627046416109664,-0.8533112886029428
0.2593766452219336,0.9982650015700898
0.255781403845709,0.9993402967883466
0.10653942259072835,0.6205210203904343
0.8572988686737179,-0.781219931461104
0.014920849953197868,0.09361319438924286
0.8106294825284204,-0.928313227526178
0.44020805788939177,0.36690877303653746
0.6011242859550752,-0.5934855136677081
0.3346017477231733,0.862013101618263
0.24168478562944695,0.9986354864596318
0.6373956241622878,-0.7599798858114098
0.7720620036095842,-0.9904076701708093
0.956961005276287,-0.26713810428140145
0.8225295463233459,-0.8979458877681732
0.15400838046991838,0.8235624666262984
0.11878158630229907,0.6789464677113819
0.647448644117498,-0.7994908741447844
0.6298590688927628,-0.7283621778034922
0.3469427205883495,0.8201580729134315
0.44101347358631526,0.3621964590254096
0.8581272871403444,-0.7779600447589025
0.6122600614858751,-0.648300939318181
0.6948001768306364,-0.9404547332227989
0.011730460342631255,0.07363794228977016
0.5001146621743728,-0.0007204436269854848
0.33823221179958407,0.850227330863716
0.380089777411025,0.6841357945054344
0.9166533026778465,-0.5000727170205179
0.6366236305844328,-0.7568183406432447
0.014200326022566712,0.08910494558027535
0.8925121005567628,-0.625183318373187
0.39461816324953025,0.6148009891472093
0.6591173623618943,-0.8413433815552372
0.2092361050880025,0.9673783738988814
0.6882691950169828,-0.9257182424673082
0.3714131463985386,0.7228618370650042
0.2571586590901932,0.9989886071425544
0.8151764351671381,-0.9173137936791369
0.52067289118108,-0.12952666262326876
0.8913107802454582,-0.6310565925988147
0.2711066543109827,0.9912192434255184
0.27412774271638396,0.9885308505591972
0.30477332756784503,0.9413622535212077
0.8988208423025466,-0.5937629641441005
0.680534464442554,-0.9062517739724489
0.3591837975063301,0.773772030508288
0.11651856261465032,0.6684387720255304
0.6085935251645117,-0.630590053742859
0.9223351455786292,-0.4688449771283862
0.8779537668112471,-0.69386252033035
0.14203443686205663,0.7785980989226692
0.3122173642825181,0.9245576647205213
0.6220750872096847,-0.6939930609303261
0.1880758683706688,0.9252581405292272
0.13905695251419414,0.7667227834739303
0.5067823241316064,-0.04260170245565098
0.9298132266415687,-0.4268408412928003
0.9035581272528472,-0.5695531897148512
0.34362654781245805,0.8319003029379741
0.38457820568926804,0.6632974938153315
0.6664146854046474,-0.8652326962161683
0.31293960856726244,0.9228189835050328
0.7143936309273063,-0.9750785706526909
0.9284554447066485,-0.43454020321150955
0.6669239371651956,-0.8668325110778807
0.9349224904639145,-0.3975947962437422
0.667136383179926,-0.8674972879366708
0.7654278943686169,-0.9953053528990626
0.3504279705988166,0.8074335058894875
0.21864471313980804,0.9806560063639496
0.5643266505372442,-0.3932615304387996
0.6715291397842508,-0.8808947887193328
0.60243920305467,-0.6001147032068852
0.8165916127828675,-0.9137371638889566
0.28779438657316425,0.971936456763091
0.9181958168935874,-0.49165633496616856
0.1404565635585091,0.7723386311536553
0.1794004000605396,0.9032165551831248
0.27398904899243126,0.9886620790011897
0.21176556085167397,0.9712823100734725
0.7603589897739185,-0.9978825594549425
0.42875926217420635,0.4328201197442939
0.4150476260100836,0.5087838218961355
0.6407471145203084,-0.7734969755469235
0.5455569925075742,-0.28235011812787253
0.42158543819013716,0.47300049729354565
0.07964869282738274,0.4798182057207332
0.6125243032479182,-0.6495641561253299
0.7232284475944414,-0.9858859196066887
0.787441772734292,-0.9724552619375476
0.39791309696093813,0.5983425718401456
0.2102581694463972,0.968985293087705
0.743035476889912,-0.9990427106978628
0.892903516503188,-0.6232619698634407
0.6976020282808931,-0.9462928157519311
0.11615871783866638,0.6667554286182892
0.6884356533515117,-0.9261133056477747
0.578095901848438,-0.4712354880963835
0.3790710116475239,0.6887904145494487
0.9590584585941998,-0.2544155228826479
0.4976610975446444,0.014695228585872498
0.9718600790000158,-0.17588857053835621
0.08780512450002043,0.5241322458088877
0.06102050196811293,0.37407867395362915
0.7777024815025336,-0.9848897958283703
0.9283298430420871,-0.43525084339037995
0.5389466766776583,-0.24227418566443107
0.8655227060580343,-0.7479351085943462
0.2250648647344623,0.9877520145486511
0.045798719722954906,0.28380681029815036
0.7094109060196943,-0.9676560308897366
0.08415088478422295,0.5044420066072053
0.9343911873145996,-0.40065564747992083
0.6348142217107843,-0.749338623048446
0.2709324987951912,0.9913633413248327
0.9068100965047745,-0.552640699125346
0.36679503665966606,0.742604881490954
0.6278458957307635,-0.7196370466441824
0.08751841924639703,0.5225972385744744
0.5434347660130766,-0.2695336090373663
0.8357245891321818,-0.8584155875839377
0.07702725610783856,0.4653026716999543
0.7653182459087143,-0.9953717956087711
0.9789466804814316,-0.13189645603231423
0.26381283671725797,0.9962362317162132
0.12160635118080665,0.691869596264611
0.4786002968391654,0.134053520509316
0.9761337254100871,-0.1493948497075186
0.10937947523594216,0.6344150199902652
0.04434856946123644,0.27505824151916025
0.3913223608908585,0.6310001457272518
0.49903955543249945,0.006034614567616149
0.34545220667307586,0.8254801913652612
0.7637446443037825,-0.9962732795368439
0.3856624376147071,0.6581840200312071
0.4389999254754552,0.37395964001536675
0.9681380484483154,-0.19885999491733422
0.4186984776607613,0.48890366413954595
0.9722087485533522,-0.17373154846431454
0.006579337493417214,0.04132742338239225
0.19991822197726727,0.9508976096426307
0.6880129228058389,-0.925108040474165
0.2771438611840864,0.985491582866466
0.4827268457603854,0.10831749369280333
0.31796498014611696,0.9101971262936572
0.0037692627350287555,0.023680762399824012
0.2382244758153842,0.9972641510746787
0.19884980939296026,0.9487984774035425
0.3846682968921016,0.6628737734819619
0.18254003875472646,0.9115067728378429
0.5509058086725904,-0.31442476896031046
0.3710730496847987,0.7243367611690216
0.18815780251614633,0.9254533039656905
0.07756812224249765,0.46830804488041755
0.794542183239855,-0.9610922427654663
0.015846612400063687,0.09940277169710082
0.9691756698009618,-0.19246645610012098
0.5695080355285348,-0.42298034741067014
0.09339987187984833,0.5537397236003196
0.21340961813866943,0.9736882422477858
0.5230552288447244,-0.1443541697172749
0.4241053441722492,0.45899190518036864
0.9219873248048258,-0.4707741968752315
0.8975276638808954,-0.6002812172363229
0.7775780814989605,-0.9850248590985222
0.8101828704377178,-0.9293528938580403
0.4734746713917295,0.16589306412346794
0.24303270593561643,0.9990419489202554
0.7339739470221894,-0.9949345748709816
0.4008406232717977,0.5835040140423138
0.5537416030719186,-0.33128810881374615
0.06304121350400793,0.3858229073746004
0.7459298158955221,-0.9996730102199992
0.018624253917946088,0.11675275143341755
0.6931882862575225,-0.9369639264915922
0.11637991680475612,0.6677905951362271
0.6663951825458411,-0.8651712517406184
0.7003576062655391,-0.9517484472381137
0.9189036499669708,-0.48777869649551986
0.8877022443821414,-0.6484812467699397
0.36644462248681375,0.7440776359734889
0.34503326015762115,0.8269630921804575
0.5276065164153576,-0.17258835833381958
0.25247468445085697,0.9998791182746104
0.2108482521008591,0.9698948468568852
0.8854966835672144,-0.6589677360411642
0.03651699829628352,0.22743522141384342
0.9175076256889357,-0.49541704858629054
0.802144055412906,-0.9468074223973149
0.29356989068032413,0.9627617984638682
0.9553534569738742,-0.276857765319041
0.6735490947081416,-0.8868308406234859
0.723063216820532,-0.9857115785449438
0.837496872771438,-0.8526504307410945
0.1320404903499275,0.7376849038091629
0.359625784209881,0.7720098656114395
0.5960161106414683,-0.5673523092510556
0.2080154755592093,0.9654069974036539
0.011471331907613624,0.07201411379445999
0.9740058683783518,-0.1626007838930098
0.6468832649526983,-0.7973519954961025
0.19059120786557393,0.9311375285755901
0.8530431251200393,-0.7976310385830139
0.8253550674934993,-0.8899914753776541
0.07564006416336011,0.45757012778884426
0.3571147937830903,0.7819414085803296
0.4568154530618844,0.2680192883091988
0.36947025863032157,0.7312430750619154
0.759662420199419,-0.9981576667772682
0.10619144744591613,0.61880499203225
0.3377540875019701,0.8518049202151077
0.12257364110475122,0.6962449996317586
0.8167815323520395,-0.9132516688020812
0.03334117804455883,0.20795990323966407
0.9095687051626948,-0.5381128735262629
0.9509373457225548,-0.303410404028079
0.0197680064561383,0.12388693657034691
0.3892308952599305,0.6411399820576394
0.8011288165704461,-0.9488408908649865
0.6732784799755737,-0.8860438498556079
0.6076629018721685,-0.6260411324888381
0.7297468657379799,-0.9919141053549891
0.6986866852571632,-0.94847421924937
0.6895949624097992,-0.9288366261508263
0.5398747309386978,-0.24792744932504931
0.04210201260666513,0.2614602276503646
0.4608116246491484,0.2437472997572682
0.4728220209329349,0.16993556107874555
0.8267708283444992,-0.8859001774367716
0.25518743007158673,0.9994688761498094
0.46256224104795796,0.2330650793278504
0.482890925385999,0.10729255932356033
0.2711840251056741,0.99115484532999
0.6314254126333302,-0.7350702035769998
0.7712496747123722,-0.9911000194429467
0.672133754095407,-0.882686495234574
0.21559670611049553,0.9767277669155192
0.5110094409236197,-0.06911920304153318
0.866502217610093,-0.7438358171482475
0.09827890450901688,0.5790023758616639
0.9650343255380216,-0.21793275672998272
0.003576483226145677,0.022469815620844734
0.4206148151066731,0.47836491769057027
0.7341032130728741,-0.9950158930187354
0.7859152987060656,-0.9746460903097961
0.34416685304803274,0.8300116319369806
0.3810350444332742,0.6797919062556375
0.031305968639964044,0.19543521420834456
0.48221975014360663,0.11148436792094363
0.4091277050828567,0.5404463085262354
0.04165933402920852,0.2587745423841372
0.09928668316602585,0.5841534261256608
0.849865240069417,-0.8095143947867729
0.5388511802537764,-0.24169199631319888
0.5174144478551596,-0.1092000015113753
0.36602132259118303,0.7458519105948568
0.38382933670584385,0.6668113638552187
0.7130108877921117,-0.9731142696493302
0.8033647293930078,-0.944311477240408
0.12989190335890455,0.7285035209314125
0.8426281308933706,-0.8353650886762157
0.4051419414325743,0.5613455272978679
0.5156126359794195,-0.09793982867801204
0.105898192184813,0.6173565157993557
0.8304481683146243,-0.8749466255248292
0.8877443053507924,-0.6482800484856805
0.2977544522235158,0.9553216904737468
0.4585657215702791,0.25740838435414903
0.7420753851622789,-0.9987606432411072
0.19755176250968343,0.9461906575650476
0.048156679858126994,0.29798145253548913
0.9644987185672377,-0.22121594480030046
0.6717995393481664,-0.8816976603566932
0.19192108526845542,0.9341521058118135
0.6276688254423999,-0.7188640911307693
0.6357033095354025,-0.7530260892277931
0.9804467210425529,-0.12254804512515563
0.971707480773908,-0.1768323448199774
0.7508187820223925,-0.9999867667846448
0.2645913875399546,0.9958002957619816
0.9884748901411469,-0.07235112919913325
0.9603101881335134,-0.2468016769765549
0.3577887152226781,0.7792949016284152
0.3467039311988972,0.8210155597738983
0.07198920416665078,0.43705475698912566
0.30329582609083994,0.9444538463558774
0.08099520642208602,0.4872238237663199
0.21474320265290914,0.9755635164610682
0.0519570100153981,0.32068777355297506
0.6152539367491364,-0.6625078490116549
0.6925703585969476,-0.9356002021985628
0.5588434846238728,-0.3613585788559876
0.2600084533574133,0.9980233919641565
0.33625943834034544,0.8566869297892906
0.6007644269520608,-0.5916641954155899
0.7981251966751314,-0.9546305863583948
0.10225182804607746,0.5991725393014794
0.18099143434793885,0.9074618143897207
0.7667412462725987,-0.9944728044048026
0.6118245550432779,-0.6462150876719288
0.39936374119178353,0.5910147798559542
0.36346069127300307,0.7564719373282741
0.661535069223972,-0.849456688519178
0.5611143655629037,-0.3746255526931677
0.5035441645555444,-0.022266802231976926
0.5212398882911817,-0.13305836998398177
0.823556663980058,-0.8950869541331749
0.7568572838722968,-0.9990719597494688
0.44897406632660575,0.315141166965174
0.20621314213588182,0.9623923491655871
0.4100561197598235,0.5355290424865133
0.06329254908731308,0.387279341712076
0.712670249140555,-0.9726190821379943
0.3733174014486219,0.7145427144410962
0.16808820482351527,0.8704566940844787
0.3821660704375074,0.6745628815673299
0.6275188259692414,-0.7182086102131314
0.2637038994936092,0.996295328236418
0.9145703452519348,-0.5113632175428732
0.055236638148696504,0.3401364857287999
0.38182428269749114,0.6761466583121757
0.8177578399729796,-0.9107354044593071
0.5912328692558194,-0.5423511095136353
0.7430602432380566,-0.9990495058955339
0.20543645710666802,0.9610551625230381
0.5403598542160246,-0.2508792459004311
0.36704815773653676,0.7415388000731417
0.4463474364155383,0.33076019782867366
0.29154549582856415,0.9661225953158445
0.35243226837518415,0.7999401071092491
0.8107005717189076,-0.9281470647148994
0.07598295173645964,0.4594847231186837
0.22013242629414465,0.9824428229801867
0.6731695318172789,-0.8857262878708902
0.475471373786848,0.15350851815367159
0.8772041055520471,-0.6972467045559438
0.9917216438222792,-0.05199099487306617
0.39232611532351025,0.6260949419651255
0.5082165057469822,-0.05160289882384389
0.1735339239917103,0.8867867895791941
0.81464227354443,-0.9186449607602182
0.2226814043221108,0.9853046504841428
0.8545597915481907,-0.791847234299559
0.23811478558642474,0.9972129680479715
0.45622462398916397,0.27159390237372166
0.3278247478752191,0.882809003105022
0.43370266063767204,0.4046156202081092
0.44083980288381386,0.36321335749790856
0.3252821709786595,0.8902002297314173
0.46216683367902067,0.23548035730301384
0.9811366783145838,-0.11824445334743436
0.18503656668495638,0.9178458482761402
0.4111722331881408,0.5295935396387859
0.9794572956087064,-0.12871552243368284
0.20053431320591386,0.952088583225645
0.5333323930042853,-0.2079059116621644
0.7695412934083082,-0.9924718079464487
0.550237371829358,-0.31043510452983547
0.9474139109489366,-0.3244291210917312
0.4930291955443258,0.043784853963417324
0.6508350140915008,-0.8120896893422516
0.5368377938455365,-0.2293975530941559
0.13523503584150753,0.7510868593324008
0.9004468094257568,-0.585511715663853
0.4696584485083566,0.18948890067949944
0.3897161262968287,0.638797286457132
0.6919925568817159,-0.9343122733018046
0.9568017248549682,-0.2681023883471095
0.7216808091098437,-0.9842113397612322
0.3623086743324384,0.7611861399551507
0.4618802927979583,0.23722973561167587
0.7659612081071017,-0.9949754492555706
0.3038132976197787,0.9433803127970934
0.0412776817111572,0.25645748935484053
0.20274818060863808,0.9562503686701255
0.2972179534433621,0.9563125974750984
0.19416298433427248,0.9390863006657092
0.7781301210870474,-0.9844209110292855
0.0708554136599322,0.430636312638959
0.607334258978174,-0.6244295916227417
0.0380228425205954,0.23663844685599753
0.4382347232743026,0.3784143700379063
0.7203168674203491,-0.9826583680133394
0.683652353185547,-0.9143589095234275
0.2306552926821679,0.9926223282216274
0.18376036958913378,0.9146335024801936
0.6052424257953007,-0.6141099111773239
0.8409427562737201,-0.8411391545713233
0.8131636982976793,-0.9222756607306797
0.5512845631392995,-0.31668296400480805
0.6035456457786654,-0.6056611462552759
0.4173542392666778,0.4962539894953616
0.8606237404060999,-0.7680092185458045
0.08827543617573064,0.526646587887701
0.5243581542060411,-0.15245001857401108
0.5056772345257532,-0.03566355221433718
0.8128557809169824,-0.9230217599597287
0.27403325636738607,0.98862033262858
0.410511572201958,0.5331101059064457
0.26151629586411707,0.9973832280886278
0.459643291840362,0.2508601107847961
0.5393902625194194,-0.24497733846947511
0.8549264150573598,-0.7904383041581585
0.44926439050105726,0.3134094334679063
0.6977510627351704,-0.9465951526900268
0.6632115414412686,-0.8549675942306532
0.5034953210781928,-0.02195998465868935
0.016704472320003605,0.10476469897341974
0.23421489067501555,0.9950856182051074
0.868508897972182,-0.7353499740403078
0.666375532703963,-0.8651093310507788
0.8004014795469254,-0.9502739740451996
0.838787400351777,-0.8483858380131845
0.4808713730828571,0.11989955568359703
0.08851208643297448,0.5279100104354496
0.5092713298498948,-0.05822054218865869
0.5531011478859752,-0.32748858039668344
0.8536334769490248,-0.7953883142359188
0.4119339736298887,0.5255276248559089
0.8603514792273232,-0.7691036720466705
0.22699967098495566,0.9895758208924472
0.15114106845570685,0.8132103182214209
0.7799417339937165,-0.9823557844721786
0.15274980586867293,0.819051224037479
0.397978221840504,0.5980146608492294
0.6059379141283391,-0.6175528372992135
0.7946504712839554,-0.9609040767412798
0.42996002999482974,0.42600651545074625
0.9116533135884118,-0.5270270995242118
0.358654630439306,0.7758739260614327
0.9023894061054147,-0.5755736306313095
0.41074997346567743,0.5318421998414742
0.9379361272045631,-0.3801503211770358
0.9578958234671132,-0.2614733510164337
0.3855817688915091,0.6585655260062303
0.8901454100068004,-0.6367197536146108
0.8266842176226766,-0.8861524834514807
0.15797415774404555,0.8374393100323853
0.6201053189752438,-0.6850293427190979
0.47553198606203706,0.15313218282470867
0.6575351475390281,-0.8359285863623057
0.24325684579278584,0.9991025898923541
0.6147134786635964,-0.6599603944674515
0.28384328610568155,0.9774764052121743
0.2445944150027547,0.9994232688716032
0.9093568347599074,-0.5392344463428738
0.938887225661107,-0.37461628280827525
0.37455517333858857,0.7090803295734256
0.5935656540288694,-0.554606786017954
0.8311702901528266,-0.8727406146642931
0.30766745840115306,0.9350715967073769
0.565762737490647,-0.4015415796362032
0.9348894425675064,-0.39778531561610503
0.09850407963545149,0.5801553328970079
0.3393789889884651,0.8464122499228995
0.30780087217509466,0.9347741382693336
0.5981909734613181,-0.5785518305268059
0.17595406909493772,0.89371198694802
0.08904156012606301,0.5307325203336799
0.40250278623437963,0.5749909290769322
0.5368043147294036,-0.2291928021191711
0.9919879961516492,-0.05031964517860842
0.10922792085527144,0.6336786546888106
0.9832508872130441,-0.10504363568013485
0.4370426335124342,0.3853368181698324
0.7572674077304549,-0.9989576505732061
0.1918142669341646,0.9339123753533524
0.6139851255965598,-0.6565152615824857
0.5991038450998443,-0.583220620664804
0.26107301274114614,0.9975807199214636
0.4334375657262317,0.4061382645212734
0.34334272304708824,0.832888590646937
0.40282769678327146,0.5733194808069083
0.398730387039786,0.5942201830990448
0.33022498924535426,0.8756247740057431
0.016286145589416656,0.10215037984713565
0.2903233671024119,0.9680758802657647
0.8652390195050539,-0.7491170633978623
0.48067951826631283,0.1210962314926152
0.2874999731525566,0.9723699597769687
0.029443991244346157,0.18394855166405488
0.27658732439128364,0.986079052470686
0.9200821869767509,-0.4813010886199256
0.939871194760997,-0.3688769068364296
0.7999020410092467,-0.9512465343949199
0.9989951449234163,-0.00631364870633766
0.9705633736488511,-0.18390306612068003
0.9731970870958149,-0.1676127576258822
0.5236301607691052,-0.14792778788264463
0.37082147340030036,0.7254256639125816
0.10089350604909997,0.59231783888231
0.4206291679625287,0.4782857217213314
0.5589731366404525,-0.3621180396236099
0.600363213642131,-0.5896300089784463
0.5452850504364307,-0.2807105673739851
0.6583785153037718,-0.8388251499228476
0.12274769714163547,0.6970295927133987
0.8087797752887381,-0.9325715050133654
0.19255510757086902,0.9355663657985882
0.8475287604554822,-0.8180457964371135
0.7763509572081267,-0.9863249096149079
0.42652638017698374,0.44542452791156684
0.5696537344221477,-0.4238096977221126
0.8506315179039328,-0.8066783327131369
0.4684961522493043,0.19665439871306342
0.7788801766523874,-0.9835813510653977
0.6636292661812428,-0.8563260008485629
0.3746522431271919,0.7086501350589384
0.6484857224664631,-0.8033879859542515
0.1450256696842822,0.7902538562726463
0.8290359633597442,-0.8792086748371083
0.8974662488045675,-0.6005897969629833
0.6175570285875391,-0.6732774957878638
0.9961439168789257,-0.024226114447094597
0.44784645563204706,0.3218571712355068
0.0703526743427989,0.427783267351594
0.013008905196097764,0.08164637788636842
0.2977820776410449,0.9552703726773157
0.6190281471887948,-0.6800830472314323
0.6992154514905807,-0.9495216792892692
0.916347875182739,-0.5017336671847431
0.17246325218424607,0.8836575646562791
0.2889447012633447,0.9702108295688967
0.32197133639212716,0.8994839609870667
0.951237493819399,-0.30161288015536886
0.07010364487988552,0.4263684427004526
0.5949788607737565,-0.5619735186665835
0.5580940693700825,-0.35696405648389845
0.965371729710088,-0.2158632517385086
0.6624595055372292,-0.8525071952455716
0.7294312931484405,-0.9916605163559338
0.737679905143659,-0.997005385192399
0.8417475680096689,-0.8383936097107975
0.691321227374212,-0.9328004051376528
0.19608923360035901,0.9431769900164431
0.2282018788806821,0.9906354078996792
0.5561931358369991,-0.3457818304179186
0.5473816845736448,-0.2933297096732772
0.4914814710479395,0.0534979442410483
0.615458930105813,-0.6634720904310963
0.8686942261765703,-0.7345603414198221
0.132482856383633,0.7395585961229947
0.4711340843456556,0.18037716965822057
0.9839653674093236,-0.10057821678450216
0.543890370734937,-0.2722892059646579
0.07813205261497824,0.4714358168403211
0.5365757555365538,-0.22779471344437538
0.7390664815536994,-0.9976412667976582
0.26718330997359707,0.9941773393307977
0.47105100998263727,0.18089055504950097
0.42209276145179364,0.4701896199290197
0.8016174871535198,-0.9478669244605401
0.8184607727615422,-0.9089024909357855
0.6098370426934805,-0.636634734224756
0.33388359597520123,0.864291530086946
0.1254499935046114,0.7091032206302031
0.855323161859688,-0.7889088852781355
0.7999984853424814,-0.9510594571278425
0.7191733641977245,-0.9813007647997902
0.7347705436357588,-0.9954252524472055
0.5902033014114079,-0.5369048855091473
0.017572577910940912,0.11018756620121119
0.08110291384274226,0.4878146986783319
0.14474716882514727,0.7891803607395268
0.9822337374663337,-0.11139703040810052
0.4898155497583425,0.06394712525717114
0.13765439000837287,0.7610356119673595
0.23589669428276883,0.9960763760612162
0.4367106853654932,0.3872606048973703
0.31379769568939286,0.9207285849300572
0.8795225754280297,-0.6867307442028723
0.230720051927366,0.9926715808990231
0.20913063385828057,0.9672102769818243
0.919762573547058,-0.4830604069560028
0.38333778442630095,0.669109822534681
0.5930165256191784,-0.5517324729605854
0.5294173827673212,-0.1837842159851492
0.7013177722833913,-0.9535824885189506
0.4754805548374591,0.15345151539229668
0.9057160128955888,-0.5583567976672826
0.11509095946681824,0.6617404571653761
0.9760149842554539,-0.15013250802661243
0.7710121098669045,-0.9912976176602348
0.31205417785032763,0.9249478728368041
0.6028645207979024,-0.6022502080440315
0.3264782041860098,0.8867515673259637
0.7244162596107414,-0.9871079361495713
0.9304787958794646,-0.4230553205293515
0.23742319641150023,0.9968793555577533
0.8873390010584707,-0.6502169320757288
0.6825654958812116,-0.9115725469811665
0.5110375156030009,-0.06929517850521413
0.3517683200413789,0.8024364984681731
0.7547206923141252,-0.9995601452457905
0.6740055574474919,-0.88815249609878
0.8090809990155101,-0.9318866182943356
0.23203297441225756,0.993634671270193
0.7860064402122912,-0.9745177968617877
0.03450956360524737,0.21513492026447845
0.1253457850237364,0.7086413934731509
0.4711546079685778,0.1802503295940447
0.2802271288168897,0.9820188401016302
0.4655570295045782,0.21472628210325487
0.7774793410206348,-0.9851316349741577
0.206081764288238,0.9621677710014208
0.9469364605065616,-0.32726530151489885
0.09304355259530461,0.5518740947226377
0.1209295876032006,0.6887931441683669
0.6960525162456457,-0.9431003047877302
0.4245541097101546,0.45648496874594735
0.9336361011306546,-0.4049980284427481
0.4841590360573528,0.09936745710340902
0.2024888312486035,0.9557723780666778
0.6907507236525164,-0.9315025558350173
0.29356068512902056,0.9627774340111922
0.8905469495189985,-0.6347722965459822
0.4211997219756929,0.47513438357410986
0.9396085081171905,-0.37041051579327966
0.7412702222435351,-0.9984960713661252
0.36420378958128874,0.7534100389281677
0.653731347071958,-0.8225738770340698
0.1800549972958141,0.9049741299661935
0.9255536901366233,-0.45088800245406757
0.5459054135642242,-0.2844495587369529
0.5619937708826458,-0.37974288891291647
0.5078580098001105,-0.04935327438980286
0.9704233338023571,-0.18476788395109867
0.6741848348253124,-0.8886695835037983
0.3007358460151871,0.9496176295974119
0.8034503254222285,-0.9441343708410697
0.9550990462128603,-0.2783934366035249
0.8727847441962283,-0.7168800911422102
0.9566949303847293,-0.26874877201663755
0.3725612998153408,0.7178582080540991
0.031629363280041733,0.19742757498403574
0.3595747308510353,0.772213715587037
0.2154948441637221,0.9765902941406107
0.4603297092776767,0.24668281436166006
0.7448390188817259,-0.999474277911263
0.10874161419592798,0.631311934042805
0.03178276679453118,0.1983723745864095
0.08804185090081107,0.5253983867279811
0.025019503334663296,0.15655549822266407
0.5805871066736495,-0.4849829966603583
0.20987334597649965,0.9683849493567107
0.21223477449115014,0.9719795427982906
0.26876356605130713,0.9930584346930001
0.42712103304234916,0.4420762317477411
0.18188089411545372,0.9097956119521484
0.6403865902769306,-0.7720592827566597
0.5434130551259339,-0.2694022415333691
0.44465757025365027,0.3407614862428028
0.666444388974772,-0.865326253445626
0.6165979215202607,-0.6688095510920831
0.6608511780172865,-0.8471814972397997
0.0060967437888952425,0.03829760292179211
0.11772648144224085,0.6740643451725236
0.2543414483882318,0.9996279750251343
0.35957498136826493,0.7722127154955833
0.7528510110974409,-0.9998395587846367
0.5180493907960545,-0.11316472834651471
0.1967514923046234,0.9445515138657019
0.7103306014071318,-0.9690976571662505
0.3266788987314765,0.8861679693809822
0.3947638555502885,0.614078762644916
0.11415308453478146,0.6573109350152777
0.5557939230125531,-0.34342714332778623
0.31061029409153396,0.928358046550419
0.8722031364354369,-0.7194230982749911
0.7298709244148575,-0.9920127290717482
0.7307000748826588,-0.9926564048765699
0.06437297811041476,0.3935291448305271
0.24245929401827238,0.9988777941931836
0.4739239165607223,0.16310882820536404
0.15986671241545725,0.8438788902831944
0.3938032988583765,0.6188309224794335
0.8438604489747862,-0.8310838622783341
0.6693902811777617,-0.8744546671315439
0.20497089250831102,0.9602426455577177
0.6359928046218493,-0.7542216957926928
0.5144931121214111,-0.0909371054868749
0.9008802984771611,-0.5833015476548953
0.845567588073696,-0.8250707829791206
0.25895977502500445,0.9984158027702105
0.48159276662908723,0.11539838850833427
0.5576650577519293,-0.35444479170728904
0.5213976982725336,-0.13404103711407506
0.39260163191191233,0.6247441677786593
0.5991284914721424,-0.5833464067375095
0.7950465366723427,-0.9602120680361
0.9252831446243279,-0.45240463684691934
0.22327728790089219,0.9859372493508923
0.5874414369011225,-0.5221847894864351
0.20799329980545123,0.9653706569249777
0.6640280720844097,-0.8576173807836408
0.2651696780416536,0.995461068218685
0.8196526362151564,-0.9057541816751529
0.9376769367785167,-0.3816560946695079
0.2147855261006767,0.9756219106038605
0.16098179207263963,0.8476172380522156
0.056563223357205095,0.34796278404659037
0.6743116339926642,-0.8890346279335368
0.7305627175249371,-0.9925516347544799
0.4023493144626388,0.5757796062161005
0.9706972667160734,-0.18307607464986167
0.5331732466480438,-0.20692771182815994
0.6560172172426751,-0.8306561366531755
0.4203737267415224,0.47969460938091174
0.43627497923300584,0.38978315707101885
0.6794119980476854,-0.9032478284916654
0.9490498113536234,-0.31468946184939384
0.641306145551025,-0.7757184190702608
0.886445920887489,-0.6544699171765054
0.5286597804907978,-0.17910307754790747
0.21448180041739184,0.9752013280890837
0.058619289380390405,0.36004474800453007
0.31092003256973555,0.9276329321284413
0.077949263811111,0.47042264715301846
0.385249926498487,0.6601331251329412
0.7388739065372422,-0.9975574791821336
0.9238071781545216,-0.46065553180420477
0.24084234806359828,0.9983450755093308
0.4231751831241023,0.46417641528139264
0.3867740167629137,0.6529098618121879
0.2773741289048802,0.9852449918696047
0.8752166941142796,-0.7061433794971386
0.811809061828234,-0.9255321619515104
0.4298996197596888,0.42634988818628355
0.7847213594994036,-0.9762971803484072
0.2664598983837613,0.9946568555980329
0.6788071953001553,-0.9016106197430251
0.40214487405289256,0.5768293746840454
0.45670406708885436,0.26869347597681176
0.8040868417770427,-0.9428087948780921
0.6980617180849076,-0.9472226912715964
0.1715252442987042,0.8808832036405698
0.005309054391144374,0.03335158646283776
0.4957724955730778,0.026559070318239782
0.5134503737010966,-0.08441062785581932
0.899927840026716,-0.5881519957080462
0.28986501770625583,0.9687937313097144
0.098033518959874,0.5777446164224443
0.18102682611218868,0.9075552185419258
0.8692661124788945,-0.7321174165928744
0.8695194864666903,-0.731032056109519
0.8209818777948359,-0.9021830813372669
0.4551957840591183,0.27780959234434843
0.32971472309604477,0.877168790094446
0.7621465803152553,-0.997089102031648
0.03879776459228035,0.24136631234261408
0.25535772182459293,0.9994334359033332
0.5393460382074114,-0.24470792648515846
0.3037186976208559,0.943577312867245
0.6130008848077324,-0.6518379413363368
0.06168224907502973,0.37793143436618404
0.38290876675997687,0.6711106589273176
0.09462174022982506,0.5601160894728171
0.1996422928448749,0.9503595866185538
0.7422765996230581,-0.9988227692167589
0.46399827061128884,0.22428135021310444
0.12450739420467904,0.7049148078114469
0.6451834297645351,-0.790860877033722
0.0952629657062859,0.5634491640155166
0.5688521356844225,-0.4192424407577403
0.2298923547533659,0.992029704633271
0.250997310803592,0.9999803668779107
0.1184116198340519,0.6772379655405772
0.7019798755614493,-0.954826977519263
0.2578849773065979,0.9987730077944228
0.9243170803963635,-0.457809537775724
0.8243372434125402,-0.8928893108078875
0.6883131288647713,-0.9258226110586025
0.484406008968128,0.09782324156168055
0.4887189112215694,0.07082183334319885
0.8350959391757928,-0.8604350186296642
0.33630686240740537,0.856533185729883
0.4373156544941038,0.3837532838100754
0.510054893323398,-0.06313474011968419
0.8380470134268522,-0.85083931119616
0.11881534436507857,0.679102179659109
0.29287718747739844,0.9639293472894317
0.9685684354858115,-0.1962090780937186
0.693109235183497,-0.9367902535822816
0.18851028062952435,0.9262900931073617
0.14964406864239144,0.8077004596039806
0.8432196363371561,-0.8333163596061739
0.6094078063056345,-0.6345526098593494
0.9399050845887725,-0.36867897903017827
0.9082539063014671,-0.545057509713622
0.6892193587130782,-0.9279596895634128
0.7053885505126107,-0.9609719339870545
0.1296484245758306,0.7274546762375609
0.9140495776096345,-0.5141723847208469
0.7001521151979857,-0.9513514304063251
0.5291142311376009,-0.18191157033588812
0.39613079134414686,0.6072776020967613
0.7212305695909574,-0.983706687761045
0.7063083304894393,-0.9625546550821416
0.12297031917033929,0.6980318917495121
0.17344982727778502,0.8865424527482312
0.7661004971496682,-0.9948874460089991
0.8503157866948152,-0.8078491507109148
0.6927624160637066,-0.9360255714482957
0.5807257251099379,-0.48574449232683015
0.049093978425237994,0.303597935690937
0.6494178607723465,-0.806861651941412
0.7417419172579254,-0.9986541682724824
0.3373580054035149,0.8531059868628524
0.15367986992108973,0.8223899069115391
0.4183445821859655,0.490842176194288
0.7851073766158716,-0.9757693657586184
0.7821020857664313,-0.9797267520927165
0.015114769565263142,0.09482620688456034
0.2853317134457727,0.9754599847338794
0.6206774424188136,-0.6876437475690986
0.9764303053341813,-0.14755203729841307
0.7696895744163985,-0.9923572716515919
0.5237624742833393,-0.14874994061738073
0.962783992671173,-0.23170991707424068
0.3062558482447575,0.9381786170082479
0.15814404254056902,0.838022208965614
0.2792929518796682,0.9831099990094117
0.6977406656823295,-0.9465740877648138
0.0650451089593368,0.3974079919922189
0.30881485743066783,0.9324919112347417
0.2027833583307328,0.9563150069938013
0.943307206693053,-0.3487259054508678
0.2382700025849247,0.9972852554105853
0.2468085952940119,0.9997989616315238
0.19675944577052107,0.9445679220168699
0.8103218509113045,-0.9290301457621662
0.435928898647879,0.3917847348779618
0.6643367099490488,-0.8586130902582246
0.2693271707585122,0.9926356818871226
0.5239397675370948,-0.1498514214124545
0.07010649098195565,0.4263846183186588
0.5062277010513488,-0.03911981496617271
0.028387883376618017,0.17742206101758734
0.25319208187682396,0.9997988763103491
0.05224888018714047,0.32242425155731513
0.4498521135145055,0.3099005808399
0.5611002539447398,-0.3745433422979223
0.4705069883192693,0.18425129159193582
0.2807709886492902,0.9813680040234058
0.6807415060869392,-0.9068009393062703
0.1634831666296348,0.855851567394569
0.027209527524623245,0.17013089939903175
0.4006975617456914,0.5842337695655123
0.4430935799493767,0.3499835868744703
0.4608961765813482,0.24323203324093295
0.06372034034692009,0.3897560749283325
0.3103545914393274,0.9289540107966617
0.3681431684672388,0.7369053207077713
0.03038571542761792,0.18976135624635299
0.9637614667717036,-0.22573107918360036
0.050638052662852706,0.3128272894258225
0.22096259590292788,0.9834025914244767
0.18761125477396534,0.9241468156317466
0.5255457867409072,-0.15982059768473006
0.19471537950108397,0.9402734918340804
0.7679577743037338,-0.993641217688318
0.38340520923098376,0.6687949268097387
0.6866929071320714,-0.921927030189688
0.889085140180693,-0.641842524689862
0.7379204965013161,-0.997121147456964
0.8689620727367224,-0.7334173610265299
0.8964618229399006,-0.6056238044376818
0.4958205438045925,0.026257279665322274
0.517315910083669,-0.10858455207185522
0.20398393003257964,0.958493005570182
0.16629593917259233,0.8648583805965375
0.5424626268216407,-0.2636465428064371
0.1958579481705659,0.9426931062480398
0.36559928063765135,0.7476156599766344
0.5325406696312208,-0.20303751426677488
0.052247772783124424,0.32241766511630654
0.7842434363386744,-0.9769427038479076
0.8228380788911094,-0.8970910261839281
0.8447651835280673,-0.8279089690164911
0.6307546498213575,-0.7322062723948384
0.31925621266416193,0.9068069816341993
0.13524531623457958,0.7511295026895408
0.149367162646868,0.8066734331688956
0.0072497881951749665,0.04553601126471119
0.3078704277018258,0.9346187972349314
0.3461963935129476,0.8228319740676685
0.87685541792994,-0.6988155132521925
0.17238399183280073,0.8834243209267457
0.4509091106655626,0.3035794424195758
0.6972022568473717,-0.9454777268882246
0.6547531004645814,-0.8262076107317015
0.7517426751580275,-0.9999400542659421
0.8276158809199523,-0.8834246955597203
0.3226938411208764,0.8974910904635057
0.09898683529468677,0.5826232546347778
0.23022502165666436,0.9922909123861239
0.2683723201674326,0.9933445806192899
0.8596470670671147,-0.7719248622379586
0.1219664048978989,0.6935012444688651
0.028315459606636395,0.17697421016158352
0.44482037718537504,0.33979958554966866
0.11334957647264732,0.6534978584836434
0.09783264838255024,0.5767140025612121
0.5588962413523348,-0.36166764015656006
0.8500977428982204,-0.8086558613117998
0.8163356315469152,-0.9143894748519793
0.8112235231488534,-0.9269190365591006
0.4072384292967445,0.5503957229595139
0.39992617116396867,0.5881604760496753
0.24649011423487,0.9997568366581927
0.40259487189174614,0.5745174527677454
0.8855338969564387,-0.6587918463958544
0.946105042164126,-0.33219709890903537
0.4682942380576196,0.19789813103015758
0.6269707552881144,-0.715808183079433
0.5252959243955863,-0.15827064972892269
0.5411675277303065,-0.2557884576377066
0.6839359951351934,-0.9150790680086975
0.07063694877426085,0.42939705079740526
0.7889185450041292,-0.9702506309472194
0.2184299046049898,0.9803909277294254
0.5241544664302474,-0.15118504547325712
0.25880145750940176,0.998471278931854
0.6261961380106662,-0.7124010624454485
0.6824970689647868,-0.9113956979347746
0.7568703166547858,-0.9990684293252917
0.20383199258607543,0.958220382492497
0.22651950460517445,0.9891368349211707
0.7435919501393129,-0.9991895563289697
0.6750276488598981,-0.8910853792936895
0.935336302404081,-0.3952077437399738
0.40729689136855096,0.5500890022229672
0.4480014172205403,0.3209351762067785
0.4897173781587556,0.06456268093091246
0.9372799713164511,-0.38396031214798493
0.46504347320524053,0.21787666139888734
0.6596834148888105,-0.8432604090084888
0.49594054272676313,0.02550355676573991
0.14739573202829048,0.79929113060514
0.5489848917015384,-0.30294480361691983
0.8522062735189736,-0.8007913942791206
0.35559599179586854,0.7878543080546194
0.7940013620435684,-0.9620253356357982
0.4797309954579304,0.1270099313522863
0.6221182491796994,-0.6941882905936768
0.5378006672065941,-0.23528189666564575
0.9674275307441542,-0.20323315144351742
0.38129537829418314,0.6785913477409969
0.4966748373383305,0.020891093270871356
0.1445516018950448,0.7884250937531452
0.47967770816387967,0.1273420266611835
0.3524073729241398,0.8000339634518817
0.8621555085237383,-0.7618099159798448
0.8888418650008589,-0.6430139169664544
0.7193215365972426,-0.9814795379766186
0.1615658490821389,0.8495587194110992
0.0758791131530987,0.45890514011423256
0.6383567471812597,-0.7638909759378784
0.8815784356613768,-0.6772839370851059
0.7600813325098866,-0.9979945104475789
0.06012141211497557,0.36883372997223873
0.4903919409505464,0.06033255344550609
0.952678762909933,-0.29296659279869436
0.045619326052283915,0.2827258138644069
0.12749995444410145,0.7181260985677581
0.624723879020588,-0.7058789444377083
0.1607328841846084,0.8467863654572884
0.9607685341973096,-0.24400987010511077
0.2907740898033656,0.9673621441301382
0.9845680189466185,-0.0968101345706094
0.7510200232932107,-0.9999794624594797
0.8132011546423707,-0.9221846665686919
0.37817499932405096,0.6928608685729708
0.2910922515301465,0.9668536516896481
0.7781204047938972,-0.9844316433631951
0.0580534881827397,0.3567258642662796
0.045189400455020845,0.2801336943442732
0.12655820901094872,0.7139957215093798
0.4577636443202129,0.2622748740949612
0.7939879527339578,-0.9620483299826813
0.6327806021314843,-0.7408165164818404
0.9877772788144636,-0.07672215396555146
0.2818126290771359,0.9800894890990177
0.5296985482175985,-0.18552045148855847
0.2302141537975203,0.9922824475131623
0.4498039427960677,0.3101883316539119
0.9766584702586854,-0.14613397544884135
0.3831490760862517,0.6699905131731546
0.43127475316443686,0.41851849012989867
0.34654846530488514,0.8215728407891933
0.26051451076812415,0.9978185266199027
0.35353679855340925,0.7957563419761801
0.8432953545510625,-0.8330532715616471
0.7605503284081246,-0.9978036443966195
0.596869902977091,-0.5717616861355972
0.6136355575052606,-0.654856906011555
0.3610218090704457,0.7664049914554081
0.5808227794343153,-0.4862774376803874
0.1984900534886087,0.9480820302615727
0.17604413329141944,0.8939657253954716
0.9226180052380798,-0.46727441875274583
0.12548849324305555,0.7092737654045466
0.4457343778075419,0.33439288758847596
0.3781514969451002,0.6929673414740743
0.6921223151231253,-0.9346025792220551
0.7607354516184951,-0.9977259201655799
0.6750716710428303,-0.8912108759487781
0.8188109260039318,-0.9079828404164629
0.8544273254653718,-0.7923552670337839
0.29762482775479804,0.9555621003365633
0.9409873147606078,-0.36234965507918715
0.3887874095697059,0.6432759191673951
0.45981410667396005,0.2498210245501382
0.7043927099686852,-0.9592221467089741
0.42224988660566976,0.46931808134865616
0.8152998837664656,-0.9170046808793146
0.2707525138629294,0.9915110152262226
0.31574167351663474,0.91589392947424
0.5429857325464426,-0.2668155951863235
0.6645157543914882,-0.8591892333588734
0.33228321130958083,0.8693055843113382
0.9582063219930337,-0.2595898059819871
0.849034936934182,-0.8125662354179453
0.08614928789001097,0.5152436703338019
0.45785875142582333,0.2616981709359395
0.9582231924494216,-0.25948743811606084
0.41877473560380496,0.48848563367814646
0.02897242868717753,0.18103539312228223
0.5039532953849623,-0.024836733290364406
0.9413871598671282,-0.36000694348594775
0.20615704265654056,0.9622965325598274
0.22377164299955798,0.9864515753285754
0.7778866668848983,-0.9846887175827874
0.5089780720664325,-0.05638097690608021
0.8762382079346105,-0.701584224467404
0.5145847327266007,-0.09151037442128941
0.3221537349520288,0.8989826021639271
0.7101576616674218,-0.9688290423893194
0.938974512884078,-0.3741077222614747
0.08834230412041355,0.5270036989611433
0.776264057626647,-0.9864147512507097
0.943513679576041,-0.34750974374115595
0.10497767138860492,0.6127961929796901
0.7800716886874953,-0.9822027482979543
0.12912302549265064,0.725185593076684
0.8869668433627519,-0.6519917001585074
0.3272513738054009,0.884495534761721
0.9937956933184777,-0.03897293590107317
0.4181338749156207,0.49199520276688974
0.9229807440657598,-0.46525817757247306
0.8954891797969735,-0.6104755361693368
0.9443871142493551,-0.342358613670903
0.5127911006366419,-0.08028236439877878
0.5299404971333945,-0.1870140561832436
0.9698998878225898,-0.1879991591034343
0.2501057774895026,0.9999997791404232
0.5970935231112537,-0.5729138494861346
0.869843218151229,-0.7296426137201413
0.31640066744459183,0.9142239694787155
0.18905845261726673,0.9275824342654405
0.7250705788854729,-0.9877576159366585
0.7648389483928127,-0.9956566846817362
0.06658009549222366,0.40623966651758536
0.170709208377387,0.8784447092674305
0.9345989214692977,-0.3994594153281966
0.14354408648483352,0.7845152945559412
0.7442570351993928,-0.9993490390658927
0.09011729760030951,0.5364489212409954
0.14991859718975464,0.8087162546677413
0.8624370247348084,-0.7606628830866404
0.8085445638290766,-0.9331039783372194
0.5877857404071792,-0.5240285177886103
0.8330134136133418,-0.8670287109356565
0.7330184053145983,-0.9943131126888788
0.8144348168519664,-0.9191591678868882
0.09076260526721469,0.5398663018178603
0.2507853867234455,0.9999878242430368
0.8858402439778877,-0.6573425248036033
0.9812967214198605,-0.11724586787790521
0.906694309184547,-0.5532468765856633
0.2998165246941512,0.9514121219329901
0.528786537092364,-0.17988657777125183
0.7847811581383277,-0.9762157914516764
0.7099745880118844,-0.968543440908107
0.029113662215863978,0.18190805533728668
0.326287396621161,0.8873051074598813
0.27401810675104943,0.9886346474641424
0.4252678985651629,0.4524900649199968
0.36912579143407387,0.7327177018939652
0.37431376744719635,0.7101490497450479
0.4786094991423152,0.13399622238522757
0.7117911870700985,-0.9713206076065505
0.9228161821501019,-0.46617317579304196
0.578208401609198,-0.4718588233103839
0.3727230264363047,0.717150398960454
0.01410833272620371,0.08852921898641448
0.9358743875113535,-0.3920998346708493
0.927159839328167,-0.44185751120390504
0.020136746240103864,0.12618561409966836
0.4414723193595611,0.3595076959399272
0.5864452938066393,-0.5168367596603543
0.8081431243758096,-0.9340080517081506
0.6724441870315353,-0.8836014806142795
0.42091563387076003,0.4767042517812808
0.03541907883360762,0.22071221737397853
0.33846780467899384,0.8494471603140926
0.8195479538365881,-0.9060327376952056
0.11974482363830374,0.683377456321919
0.7234399248862305,-0.9861075067104269
0.9065924123907104,-0.5537800912168418
0.489735056618127,0.06445183524183763
0.8873798550958557,-0.6500218881372423
0.1972598367909203,0.9455954937435096
0.5972951562149766,-0.5739517589191812
0.4595080912333125,0.25168234677908646
0.3140967879767672,0.919993668488884
0.5495307286166096,-0.3062114469120216
0.10462810640411002,0.6110590455283467
0.3257755567236087,0.8887836735849391
0.5866889758762235,-0.5181469031704635
0.7920069720725568,-0.9653702112690571
0.3133765716042832,0.9217578396338396
0.6629796773411882,-0.8542110487224387
0.5764321723150503,-0.4619898256598605
0.3147777983582942,0.9183082027737902
0.15656824919144707,0.8325788778534928
0.20785577808266698,0.9651448749656782
0.10052391467762645,0.5904452278017638
0.7575902344283797,-0.998863006964131
0.4852855245850751,0.0923221208100856
0.35936551972059017,0.7730482404851945
0.7407090300938262,-0.9982965534550887
0.8819699597993489,-0.6754720003250932
0.1636140112913934,0.8562764969196711
0.19922282792881452,0.949536217554858
0.4010816807588452,0.5822733158344189
0.3570619912405736,0.7821481738660805
0.4145421719009157,0.5115153328787684
0.39430643174665947,0.6163445746587581
0.6832166500955039,-0.913247016274075
0.0705523749555278,0.42891708079457747
0.07142860279359042,0.43388391667349047
0.3720065983821913,0.7202802661949369
0.8751414579986972,-0.7064780206411907
0.6951723702168043,-0.9412470817628765
0.8496772996823576,-0.8102071156687018
0.5060798303022527,-0.038191410097430586
0.01636664931296683,0.10265354061131092
0.6174567936542501,-0.6728116984875546
0.8035398176654264,-0.9439489107863563
0.9668180544564802,-0.20698118531294607
0.2475655575231861,0.999883017659111
0.4269641064949037,0.4429604352349077
0.49730467447214843,0.016934420256624824
0.11573138249770165,0.6647519397079078
0.8815480057702075,-0.6774245922318928
0.012724175963296447,0.0798632144955863
0.3232026831117296,0.896076459218807
0.11078392956771899,0.64121146262196
0.5459013179712595,-0.28442488829279405
0.7219848503138332,-0.9845476699238431
0.9050543425831062,-0.561800942963094
0.1849505510711288,0.9176311888172662
0.09367504442870733,0.5551785827045335
0.1301874945337368,0.729774560940361
0.8389067951190509,-0.8479884705466536
0.8810323232557481,-0.6798044456683692
0.552290152754655,-0.3226697148177148
0.7951272063943806,-0.9600703921663822
0.42845535996944284,0.4345406827364271
0.6243639418173754,-0.7042752097909862
0.5921011406244405,-0.5469264731156734
0.40143328354694796,0.5804758438510306
0.9611940378244412,-0.24141629610730944
0.038740907270334524,0.24101961413787237
0.6079793845089692,-0.6275905210634657
0.20268668651137112,0.9561372623522546
0.9768043785792664,-0.14522698684054114
0.4652790461979208,0.21643183312658112
0.5880236536388228,-0.5253010991274163
0.8485573758328423,-0.8143115339411503
0.9275492646766109,-0.4396611741434778
0.5233325982780836,-0.14607845961811378
0.7420208887460443,-0.9987435424632268
0.0026831629826935544,0.016858011640591
0.9715587250670333,-0.17775219780518348
0.5473007226346761,-0.2928433498573944
0.12942352021395243,0.7264843327351662
0.4926294602163154,0.04629391568680631
0.13228197728376812,0.7387084568361492
0.9537773036497978,-0.2863601873782936
0.04055504143868682,0.2520662322590366
0.3889705039194762,0.6423946957889447
0.2090341201111917,0.9670560840480171
0.42174544332242303,0.47211448970653624
0.792612952053387,-0.9643699052072974
0.10242832817774672,0.6000600445915213
0.9899874719952834,-0.06286907978226412
0.9998021006469863,-0.0012434379867353486
0.119731168668046,0.6833148166123669
0.9241070947977789,-0.4589821327477936
0.9634734885612848,-0.22749342739022074
0.6443391818741555,-0.7876033924930953
0.7312942282584785,-0.9931010815874606
0.8691862075014619,-0.7324593152523163
0.18956336177923627,0.9287630461684263
0.6757950330498429,-0.8932632348418589
0.39431189813008916,0.6163175273882974
0.025953248311926025,0.16234731966007115
0.4241835327198419,0.4585553828861218
0.7942944825402884,-0.9615209852996529
0.6771549406292765,-0.8970716461212922
0.30287911917638544,0.9453110794585314
0.36160040996342424,0.7640646685057049
0.031235137564975868,0.19499873206873686
0.8521904362334222,-0.8008509903290137
0.4363806484088596,0.38917164534071097
0.5802956408340988,-0.4833806396292703
0.3068324511473325,0.936918389380261
0.468940673404167,0.193915165892175
0.7699434226547771,-0.9921591928295217
0.16561415647689703,0.8626999325955144
0.4079357998550842,0.5467321455108102
0.42656330712342905,0.44521678492804495
0.9312735669391821,-0.41852525924258294
0.8135281495496706,-0.9213881162712683
0.851554011904831,-0.803239300337372
0.1546080682846327,0.825693892785972
0.5200117652340454,-0.12540657346139322
0.024875766228672824,0.1556634439352068
0.9009385558934326,-0.5830041887719098
0.8668966269131426,-0.7421772347551346
0.17619084667286178,0.8943784489237016
0.2882913073940391,0.9711972324252462
0.6411610151021977,-0.7751426272005968
0.09255711083707696,0.5493227020631917
0.3527022549059049,0.7989209959126662
0.8098173713809252,-0.930198292705082
0.7905936833371128,-0.9676487559909283
0.49252347947260045,0.04695908809247429
0.06137332413446395,0.3761336503274509
0.409243429259465,0.5398343855656617
0.8427154636015887,-0.8350633298269321
0.9319617816620762,-0.41459411542936436
0.9739551285001191,-0.16291534096516797
0.9787761616496853,-0.1329584212459978
0.5733525645610642,-0.44474340780698596
0.7126814751819046,-0.9726354724800469
0.18246580404723456,0.9113148378262211
0.3624349398111191,0.7606713868238542
0.04941380892125169,0.3055120251812259
0.44716179956371815,0.3259270940500666
0.0623411524427917,0.3817611467286078
0.14729832330835746,0.7989231809407757
0.4604684528316212,0.24583790964356145
0.5407433567058857,-0.25321106908156127
0.5258287429595994,-0.16157535797699454
0.07423187427501965,0.4496849854132311
0.90991029156792,-0.5363026192414939
0.8540874935842304,-0.7936560760569003
0.6523042505502831,-0.8174418825366287
0.39854416262554293,0.5951608762956597
0.3133534960991933,0.921814051238592
0.015889922856494043,0.09967354786470468
0.594105967734278,-0.5574285161479503
0.9473972228214231,-0.32452830232145524
0.7365185371669369,-0.9964145465864156
0.962927682365254,-0.23083156434191152
0.34494595062970934,0.8272714113343461
0.4261460307818902,0.4475628935767685
0.19096391615619468,0.9319889528971611
0.1340460922346659,0.7461339952070881
0.9045274833882957,-0.564536424344258
0.4930262973572277,0.04380304633920452
0.8833916344863191,-0.668858334925997
0.5584905266701856,-0.35928984852237694
0.6568218837641221,-0.8334605439345161
0.3015409047358266,0.9480201511197401
0.05500516959327595,0.33876848129706594
0.9404954091723767,-0.36522861438839616
0.07981046218858501,0.48070973805622896
0.06632934156588921,0.4047994931796713
0.2971359549063831,0.9564630907415269
0.25796284572029293,0.9987486587881429
0.5408798648233182,-0.2540407299142802
0.7966780955845594,-0.9572987396878571
0.7361876839283273,-0.9962365152672896
0.41572237100592757,0.5051294578163049
0.8921422989738479,-0.626995094496839
0.983176493738863,-0.10550846617950099
0.46743475567847403,0.20318870302225267
0.5237146490072396,-0.1484527818887409
0.6633540031799001,-0.8554315303971344
0.31253450901669366,0.923796534867314
0.9021287378903635,-0.5769121907675021
0.007289712174213703,0.04578659938089697
0.5641196317224854,-0.3920652652988159
0.9694410250192651,-0.19083008547675373
0.16450963741203983,0.8591695676034655
0.5728085129349889,-0.4416791183283638
0.01473130189361238,0.0924273926512922
0.10380554784675966,0.6069597634683961
0.358378903202464,0.7769657401147171
0.055413637111423664,0.34118208366170905
0.49174238340105536,0.05186086005348066
0.8854535633214458,-0.6591714994743
0.8493781827598269,-0.8113072867175968
0.39520923013606457,0.6118677614815353
0.4215427312401595,0.47323690067606866
0.7905419215749913,-0.9677307604090009
0.7417107672561367,-0.9986439983009515
0.9613663823972155,-0.24036531147831405
0.5374662781980514,-0.23323933255724696
0.15079249026539465,0.8119337491439382
0.5082106254259461,-0.05156600086721159
0.4691073135756203,0.19288790313883614
0.951431031188327,-0.3004532562792842
0.10639580861261622,0.6198131516429612
0.8920210440858698,-0.6275884244893677
0.7637788155744338,-0.9962547377073218
0.6913846756550286,-0.9329440044726117
0.8776431191410108,-0.6952667444831209
0.9420880523177239,-0.3558949076133815
0.7687274651952565,-0.9930850891621597
0.9647056805358876,-0.21994759484129206
0.43136160199572016,0.4180228301195822
0.02098628829121596,0.1314789542724212
0.5573296916004721,-0.35247364236208
0.6647323310693415,-0.859884697383708
0.8906929595003629,-0.6340631492256363
0.9626272741902854,-0.23266769739664492
0.28871995895689495,0.9705519599269244
0.028089808145266182,0.17557860224363553
0.04907139929221582,0.3034627599365418
0.6805547089598488,-0.9063055389830253
0.9918953577054569,-0.05090096376548683
0.9536933094359049,-0.2868657975425193
0.10367203818776605,0.6062928759208406
0.04775254136205853,0.2955565725406811
0.7364413175077421,-0.9963733800644872
0.21816605504798858,0.9800628873511895
0.5527735089805141,-0.32554279397718966
0.2077955331598491,0.9650457383851356
0.45419027362567554,0.2838731228231458
0.12352092803945325,0.700504997738744
0.151207499070111,0.8134531592079814
0.7189956600420758,-0.9810852392246066
0.5562334068877423,-0.34601924162036946
0.6677858071018588,-0.8695198476330442
0.0442747227303677,0.2746121165600481
0.5511392210148621,-0.31581662225196766
0.8605840197750364,-0.7681690302697132
0.8085681024456187,-0.9330507832067221
0.22789062035352636,0.9903664950648435
0.26025028497719915,0.9979267508465266
0.9257698477168893,-0.44967532146356715
0.8607480326749315,-0.7675088328578044
0.3437184968382412,0.8315795656979589
0.359500099609095,0.7725115662549568
0.6896582443301282,-0.9289838638355876
0.7643752877123375,-0.9959236866797813
0.5737908666794322,-0.44720830077245405
0.47026285306494875,0.18575875882503506
0.3221288843743759,0.8990509784232792
0.6171862375438738,-0.6715530774194514
0.07328631900539107,0.44437056677290837
0.2713991277687591,0.990974577960417
0.8718363754320986,-0.7210217776001708
0.12203406666631189,0.6938074700348649
0.6833193472007867,-0.9135097111311349
0.15432640807476694,0.8246942667904419
0.07165846935894071,0.43518472769355865
0.4234447807025846,0.46267536242544144
0.48771431530054,0.07711659331695755
0.8290635569092822,-0.8791260591949376
0.5566259683242711,-0.34833235865114165
0.28207808840292214,0.9797569479623335
0.0851022067522168,0.5095940654747109
0.8679315759812289,-0.7378033888052368
0.3894770117896428,0.6399524747896053
0.20753686239928448,0.9646185090896247
0.536415499579259,-0.2268141529510978
0.7776277180262411,-0.9849710399991343
0.8878051696074192,-0.647988824674238
0.7799364005167592,-0.9823620512463567
0.13687994224568378,0.7578699919791542
0.6941514442056393,-0.9390613782810532
0.3629543778758467,0.7585487337396539
0.3716660641059094,0.7217628485478664
0.31099694921717347,0.9274523214513548
0.6795738956121482,-0.9036838751321951
0.18718407588212638,0.923118082491991
0.8493589391373305,-0.8113779679136836
0.6936033547981971,-0.9378720258142081
0.7652388681127166,-0.9954196006672484
0.3733804022473679,0.7142657280588179
0.6359641425240167,-0.7541034333712194
0.12655690487698545,0.7139899843750328
0.9418903939173439,-0.35705524343502193
0.01990725962909301,0.12475510218548119
0.46183909137731805,0.2374812138321178
0.19764647891127674,0.9463830768317334
0.18795453357304337,0.9249686760803811
0.39459591982785347,0.614911209015784
0.36179169163467806,0.7632887504777749
0.05363039983077489,0.33062877386441697
0.18031064514061035,0.9056563818577578
0.4267730346758696,0.4440364489656226
0.14025008331700062,0.771513888098221
0.4665531020414466,0.20860959268728363
0.058137114397434075,0.357216684902975
0.32642869540713126,0.8868953166908199
0.31432040761405555,0.9194420772967996
0.4912997502324533,0.054638059596212284
0.1370284666841819,0.7584784910840001
0.20605411999799006,0.9621204321714264
0.9128649267196892,-0.5205421724259822
0.4837272316702509,0.1020667673626639
0.526445139157027,-0.16539617931176429
0.23658228410399917,0.9964483539304329
0.3004629729986571,0.950153580178952
0.7008672534064816,-0.9527262569989841
0.17604218456767917,0.8939602382731636
0.12516335222311148,0.7078321634168193
0.6535798072655243,-0.8220320547559663
0.7729284475321822,-0.9896407625892605
0.40777468941775363,0.5475794605820024
0.6600265923253654,-0.8444174420723718
0.7842287114226717,-0.9769624527058021
0.4492833908949688,0.3132960629816315
0.9920126111681311,-0.05016517979722924
0.6677442486073788,-0.8693908514825986
0.7438755277475579,-0.9992596902125775
0.16655624627772825,0.8656782995002101
0.8637893095754853,-0.7551199123890069
0.03096267707536371,0.19331939028251707
0.9759618485096987,-0.1504625773626548
0.6054233343134956,-0.6150066068031179
0.4662512828178985,0.21046388018048837
0.5721556249391897,-0.4379950142815881
0.9900802792201039,-0.0622870976829454
0.2760213610476526,0.986664106905405
0.35763394505932167,0.7799039257757447
0.4055855994534021,0.5590363949437726
0.648634206198233,-0.8039431673116018
0.7666651170608344,-0.9945229130583976
0.37125507262802304,0.723547778952657
0.1788628572753379,0.90176184176999
0.014759419208328128,0.09260330127369416
0.34803502739836967,0.8162121166478554
0.3444117874333765,0.8291522959227772
0.7804033563128919,-0.9818092044574936
0.9646205332705486,-0.22046945823660558
0.7066454371917267,-0.9631266873571995
0.5308391269297059,-0.192557687649018
0.5659417067435273,-0.40257118575289386
0.1596907976623092,0.843285341536284
0.7395415648034076,-0.9978417245164323
0.47963352040020635,0.12761740135315902
0.4326036630590313,0.4109206432247958
0.8915879875077114,-0.6297045006985325
0.058574901212219754,0.3597845392763142
0.8759077079229164,-0.7030624627947973
0.3695038977492284,0.7310988859282295
0.756579478065684,-0.9991456205848908
0.9179400831424622,-0.49305490358710957
0.6338813032303965,-0.7454442305002272
0.9820569263754292,-0.11250098379611977
0.5254609449419455,-0.1592943503844477
0.04220749206672336,0.26209986302522237
0.021285533348768593,0.13334261072813935
0.9176058694759226,-0.4948807473150805
0.4931894150082755,0.04277910879624686
0.5771946214815251,-0.46623322879191115
0.6621530113094392,-0.8514989904903151
0.23664400811874287,0.9964809361156844
